date,feed_id,feed_name,integration_type,vertical,owner,event_count,expected_events,minutes_late,sla_minutes,duplicate_rate,baseline_duplicate_rate,schema_drift_fields,malformed_payload_rate,payout_variance_usd,data_gap_rate,impacted_customers,source_error_score,integration_error_score,severity_score,severity_band,issue_type,likely_owner,anomaly_reason,status
"2026-04-13","api-beauty","Creator API / Beauty","API","Beauty","Creator integrations",180454,184000,13,20,0.0107,0.012,2,0.0028,-954,0.0193,25,3,2,35,"Low","Baseline variation","Edge case or shared ownership","within control band","Healthy"
"2026-04-13","csv-retail","Affiliate CSV / Retail","CSV","Retail","Affiliate integrations",237489,242000,179,240,0.0175,0.018,0,0.0037,382,0.0186,43,0,1,26,"Low","Baseline variation","Edge case or shared ownership","within control band","Healthy"
"2026-04-13","pixel-travel","Publisher Pixel / Travel","Pixel","Travel","Tracking",99877,97000,14,15,0.0131,0.011,1,0.002,-974,0,20,2,2,31,"Low","Baseline variation","Edge case or shared ownership","within control band","Healthy"
"2026-04-13","webhook-saas","Referral Webhook / SaaS","Webhook","SaaS","Referral integrations",65189,65000,6,10,0.0067,0.008,1,0.0043,-603,0,10,2,2,29,"Low","Baseline variation","Edge case or shared ownership","within control band","Healthy"
"2026-04-13","csv-finance","Content Partner CSV / Finance","CSV","Finance","Publisher data",50751,52000,198,360,0.004,0.006,1,0.0052,-947,0.024,9,1,0,33,"Low","Baseline variation","Edge case or shared ownership","within control band","Healthy"
"2026-04-13","api-marketplace","Product API / Marketplace","API","Marketplace","Catalog integrations",128845,128000,30,30,0.0127,0.01,0,0.0042,500,0,29,1,0,27,"Low","Baseline variation","Edge case or shared ownership","within control band","Healthy"
"2026-04-13","server-fashion","Server Postback / Fashion","Server","Fashion","Tracking",155835,156000,18,20,0.0111,0.013,1,0.0031,-154,0.0011,25,2,1,28,"Low","Baseline variation","Edge case or shared ownership","within control band","Healthy"
"2026-04-13","webhook-food","Referral Webhook / Food","Webhook","Food","Referral integrations",75226,73000,12,10,0.0059,0.007,0,0.0019,-648,0,13,1,2,29,"Low","Baseline variation","Edge case or shared ownership","within control band","Healthy"
"2026-04-13","ftp-home","FTP Batch / Home Goods","FTP","Home Goods","Affiliate integrations",114257,111000,312,300,0.0164,0.014,1,0.0039,485,0,24,0,1,32,"Low","Baseline variation","Edge case or shared ownership","within control band","Healthy"
"2026-04-13","api-mobile","Mobile API / Apps","API","Mobile Apps","Mobile integrations",82323,88000,18,20,0.0109,0.009,3,0.0046,390,0.0645,20,1,2,47,"Low","Baseline variation","Edge case or shared ownership","within control band","Healthy"
"2026-04-14","api-beauty","Creator API / Beauty","API","Beauty","Creator integrations",193510,195509,15,20,0.0119,0.012,0,0.0027,-408,0.0102,26,0,0,25,"Low","Baseline variation","Edge case or shared ownership","within control band","Healthy"
"2026-04-14","csv-retail","Affiliate CSV / Retail","CSV","Retail","Affiliate integrations",264040,257136,194,240,0.0172,0.018,0,0.002,-537,0,37,2,1,24,"Low","Baseline variation","Edge case or shared ownership","within control band","Healthy"
"2026-04-14","pixel-travel","Publisher Pixel / Travel","Pixel","Travel","Tracking",103360,103067,15,15,0.0114,0.011,4,0.0008,-262,0,19,1,1,41,"Low","Baseline variation","Edge case or shared ownership","within control band","Healthy"
"2026-04-14","webhook-saas","Referral Webhook / SaaS","Webhook","SaaS","Referral integrations",71639,69066,10,10,0.0097,0.008,3,0.0039,310,0,12,1,2,39,"Low","Baseline variation","Edge case or shared ownership","within control band","Healthy"
"2026-04-14","csv-finance","Content Partner CSV / Finance","CSV","Finance","Publisher data",53912,55252,247,360,0.0053,0.006,1,0.0036,549,0.0243,8,1,3,31,"Low","Baseline variation","Edge case or shared ownership","within control band","Healthy"
"2026-04-14","api-marketplace","Product API / Marketplace","API","Marketplace","Catalog integrations",135530,136006,30,30,0.0083,0.01,0,0.001,1025,0.0035,29,3,1,24,"Low","Baseline variation","Edge case or shared ownership","within control band","Healthy"
"2026-04-14","server-fashion","Server Postback / Fashion","Server","Fashion","Tracking",166677,165757,23,20,0.0139,0.013,1,0.0042,-343,0,34,1,3,34,"Low","Baseline variation","Edge case or shared ownership","within control band","Healthy"
"2026-04-14","webhook-food","Referral Webhook / Food","Webhook","Food","Referral integrations",76832,77566,9,10,0.0041,0.007,1,0.0026,150,0.0095,12,0,1,29,"Low","Baseline variation","Edge case or shared ownership","within control band","Healthy"
"2026-04-14","ftp-home","FTP Batch / Home Goods","FTP","Home Goods","Affiliate integrations",118958,117943,224,300,0.0138,0.014,0,0.0029,-1125,0,18,3,1,25,"Low","Baseline variation","Edge case or shared ownership","within control band","Healthy"
"2026-04-14","api-mobile","Mobile API / Apps","API","Mobile Apps","Mobile integrations",94295,93504,19,20,0.0112,0.009,4,0.002,-1552,0,19,3,1,45,"Low","Baseline variation","Edge case or shared ownership","within control band","Healthy"
"2026-04-15","api-beauty","Creator API / Beauty","API","Beauty","Creator integrations",202155,198351,14,20,0.0121,0.012,1,0.0022,-361,0,23,1,2,28,"Low","Baseline variation","Edge case or shared ownership","within control band","Healthy"
"2026-04-15","csv-retail","Affiliate CSV / Retail","CSV","Retail","Affiliate integrations",264151,260875,119,240,0.0157,0.018,0,0.0017,1390,0,41,1,0,24,"Low","Baseline variation","Edge case or shared ownership","within control band","Healthy"
"2026-04-15","pixel-travel","Publisher Pixel / Travel","Pixel","Travel","Tracking",105679,104565,15,15,0.0096,0.011,0,0.0053,257,0,17,0,3,25,"Low","Baseline variation","Integration logic","within control band","Healthy"
"2026-04-15","webhook-saas","Referral Webhook / SaaS","Webhook","SaaS","Referral integrations",69357,70070,11,10,0.006,0.008,0,0.0013,634,0.0102,12,1,1,27,"Low","Baseline variation","Edge case or shared ownership","within control band","Healthy"
"2026-04-15","csv-finance","Content Partner CSV / Finance","CSV","Finance","Publisher data",54783,56056,256,360,0.0074,0.006,0,0,878,0.0227,6,0,1,26,"Low","Baseline variation","Edge case or shared ownership","within control band","Healthy"
"2026-04-15","api-marketplace","Product API / Marketplace","API","Marketplace","Catalog integrations",134613,137983,32,30,0.007,0.01,0,0.0023,-398,0.0244,27,0,1,28,"Low","Baseline variation","Edge case or shared ownership","within control band","Healthy"
"2026-04-15","server-fashion","Server Postback / Fashion","Server","Fashion","Tracking",161331,168167,21,20,0.0145,0.013,0,0.0049,763,0.0407,30,3,1,32,"Low","Baseline variation","Edge case or shared ownership","within control band","Healthy"
"2026-04-15","webhook-food","Referral Webhook / Food","Webhook","Food","Referral integrations",80923,78694,10,10,0.0073,0.007,0,0.0047,-1974,0,14,1,3,27,"Low","Baseline variation","Edge case or shared ownership","within control band","Healthy"
"2026-04-15","ftp-home","FTP Batch / Home Goods","FTP","Home Goods","Affiliate integrations",120835,119657,311,300,0.0114,0.014,0,0.0039,932,0,18,1,3,26,"Low","Baseline variation","Edge case or shared ownership","within control band","Healthy"
"2026-04-15","api-mobile","Mobile API / Apps","API","Mobile Apps","Mobile integrations",94934,94863,16,20,0.0099,0.009,0,0.0022,-1782,0,13,2,1,26,"Low","Baseline variation","Edge case or shared ownership","within control band","Healthy"
"2026-04-16","api-beauty","Creator API / Beauty","API","Beauty","Creator integrations",194156,190387,11,20,0.0112,0.012,0,0.0038,67,0,19,3,2,24,"Low","Baseline variation","Edge case or shared ownership","within control band","Healthy"
"2026-04-16","csv-retail","Affiliate CSV / Retail","CSV","Retail","Affiliate integrations",248497,250400,222,240,0.0191,0.018,0,0.0039,263,0.0076,44,1,2,26,"Low","Baseline variation","Edge case or shared ownership","within control band","Healthy"
"2026-04-16","pixel-travel","Publisher Pixel / Travel","Pixel","Travel","Tracking",100619,100367,8,15,0.0095,0.011,1,0.0009,755,0,16,1,1,28,"Low","Baseline variation","Edge case or shared ownership","within control band","Healthy"
"2026-04-16","webhook-saas","Referral Webhook / SaaS","Webhook","SaaS","Referral integrations",64339,67256,9,10,0.0055,0.008,3,0.0025,-493,0.0434,13,3,2,42,"Low","Baseline variation","Edge case or shared ownership","within control band","Healthy"
"2026-04-16","csv-finance","Content Partner CSV / Finance","CSV","Finance","Publisher data",54772,53805,249,360,0.0062,0.006,1,0.0032,-35,0,9,3,2,28,"Low","Baseline variation","Edge case or shared ownership","within control band","Healthy"
"2026-04-16","api-marketplace","Product API / Marketplace","API","Marketplace","Catalog integrations",134416,132443,20,30,0.0115,0.01,0,0.0024,-688,0,31,2,2,25,"Low","Baseline variation","Edge case or shared ownership","within control band","Healthy"
"2026-04-16","server-fashion","Server Postback / Fashion","Server","Fashion","Tracking",162554,161415,25,20,0.0151,0.013,1,0.0006,-414,0,28,1,2,36,"Low","Baseline variation","Edge case or shared ownership","within control band","Healthy"
"2026-04-16","webhook-food","Referral Webhook / Food","Webhook","Food","Referral integrations",73800,75534,7,10,0.0094,0.007,0,0.0024,-668,0.023,13,1,3,29,"Low","Baseline variation","Edge case or shared ownership","within control band","Healthy"
"2026-04-16","ftp-home","FTP Batch / Home Goods","FTP","Home Goods","Affiliate integrations",118903,114853,293,300,0.0121,0.014,0,0.0044,481,0,23,1,0,25,"Low","Baseline variation","Edge case or shared ownership","within control band","Healthy"
"2026-04-16","api-mobile","Mobile API / Apps","API","Mobile Apps","Mobile integrations",88687,91055,11,20,0.013,0.009,2,0.0035,-189,0.026,16,3,1,39,"Low","Baseline variation","Edge case or shared ownership","within control band","Healthy"
"2026-04-17","api-beauty","Creator API / Beauty","API","Beauty","Creator integrations",182500,177613,14,20,0.0111,0.012,1,0.0027,-558,0,22,1,1,28,"Low","Baseline variation","Edge case or shared ownership","within control band","Healthy"
"2026-04-17","csv-retail","Affiliate CSV / Retail","CSV","Retail","Affiliate integrations",233831,233600,194,240,0.0183,0.018,1,0.0031,682,0,38,3,2,29,"Low","Baseline variation","Edge case or shared ownership","within control band","Healthy"
"2026-04-17","pixel-travel","Publisher Pixel / Travel","Pixel","Travel","Tracking",97569,93633,13,15,0.0095,0.011,0,0.0056,-108,0,15,1,3,25,"Low","Baseline variation","Edge case or shared ownership","within control band","Healthy"
"2026-04-17","webhook-saas","Referral Webhook / SaaS","Webhook","SaaS","Referral integrations",62268,62744,11,10,0.0029,0.008,1,0.0025,-1674,0.0076,11,1,1,33,"Low","Baseline variation","Edge case or shared ownership","within control band","Healthy"
"2026-04-17","csv-finance","Content Partner CSV / Finance","CSV","Finance","Publisher data",52375,50195,347,360,0.0109,0.006,1,0.0035,-629,0,8,0,3,34,"Low","Baseline variation","Integration logic","within control band","Healthy"
"2026-04-17","api-marketplace","Product API / Marketplace","API","Marketplace","Catalog integrations",120340,123557,26,30,0.0089,0.01,1,0.0009,-215,0.026,28,0,3,30,"Low","Baseline variation","Integration logic","within control band","Healthy"
"2026-04-17","server-fashion","Server Postback / Fashion","Server","Fashion","Tracking",146993,150585,16,20,0.0112,0.013,4,0.0015,-411,0.0239,39,1,3,44,"Low","Baseline variation","Edge case or shared ownership","within control band","Healthy"
"2026-04-17","webhook-food","Referral Webhook / Food","Webhook","Food","Referral integrations",71423,70466,10,10,0.003,0.007,0,0.0033,-550,0,12,2,1,24,"Low","Baseline variation","Edge case or shared ownership","within control band","Healthy"
"2026-04-17","ftp-home","FTP Batch / Home Goods","FTP","Home Goods","Affiliate integrations",114609,107147,374,300,0.0099,0.014,0,0.0057,-338,0,22,2,1,32,"Low","Baseline variation","Edge case or shared ownership","within control band","Healthy"
"2026-04-17","api-mobile","Mobile API / Apps","API","Mobile Apps","Mobile integrations",83968,84945,15,20,0.0108,0.009,0,0.0058,-446,0.0115,16,1,2,28,"Low","Baseline variation","Edge case or shared ownership","within control band","Healthy"
"2026-04-18","api-beauty","Creator API / Beauty","API","Beauty","Creator integrations",171148,169649,15,20,0.0119,0.012,0,0.0018,448,0,27,3,2,23,"Low","Baseline variation","Edge case or shared ownership","within control band","Healthy"
"2026-04-18","csv-retail","Affiliate CSV / Retail","CSV","Retail","Affiliate integrations",223291,223125,191,240,0.0187,0.018,0,0.001,502,0,39,2,1,24,"Low","Baseline variation","Edge case or shared ownership","within control band","Healthy"
"2026-04-18","pixel-travel","Publisher Pixel / Travel","Pixel","Travel","Tracking",88483,89435,14,15,0.0117,0.011,1,0.0034,51,0.0106,18,2,0,30,"Low","Baseline variation","Edge case or shared ownership","within control band","Healthy"
"2026-04-18","webhook-saas","Referral Webhook / SaaS","Webhook","SaaS","Referral integrations",58640,59930,6,10,0.0073,0.008,0,0.0029,-1228,0.0215,11,0,1,27,"Low","Baseline variation","Edge case or shared ownership","within control band","Healthy"
"2026-04-18","csv-finance","Content Partner CSV / Finance","CSV","Finance","Publisher data",46934,47944,383,360,0.0093,0.006,3,0,-254,0.0211,10,2,3,43,"Low","Baseline variation","Edge case or shared ownership","within control band","Healthy"
"2026-04-18","api-marketplace","Product API / Marketplace","API","Marketplace","Catalog integrations",123052,118017,17,30,0.0082,0.01,1,0.0018,-904,0,31,2,2,28,"Low","Baseline variation","Edge case or shared ownership","within control band","Healthy"
"2026-04-18","server-fashion","Server Postback / Fashion","Server","Fashion","Tracking",148781,143833,18,20,0.0175,0.013,2,0.0041,-82,0,34,0,3,38,"Low","Baseline variation","Integration logic","within control band","Healthy"
"2026-04-18","webhook-food","Referral Webhook / Food","Webhook","Food","Referral integrations",68626,67306,6,10,0.0073,0.007,0,0.004,-453,0,13,1,2,25,"Low","Baseline variation","Edge case or shared ownership","within control band","Healthy"
"2026-04-18","ftp-home","FTP Batch / Home Goods","FTP","Home Goods","Affiliate integrations",103673,102343,301,300,0.0137,0.014,3,0.0027,-111,0,22,1,2,37,"Low","Baseline variation","Edge case or shared ownership","within control band","Healthy"
"2026-04-18","api-mobile","Mobile API / Apps","API","Mobile Apps","Mobile integrations",76031,81137,21,20,0.0061,0.009,1,0.0006,1232,0.0629,16,1,0,36,"Low","Baseline variation","Edge case or shared ownership","within control band","Healthy"
"2026-04-19","api-beauty","Creator API / Beauty","API","Beauty","Creator integrations",168153,172491,19,20,0.0113,0.012,1,0.0041,-622,0.0251,28,1,3,32,"Low","Baseline variation","Edge case or shared ownership","within control band","Healthy"
"2026-04-19","csv-retail","Affiliate CSV / Retail","CSV","Retail","Affiliate integrations",232780,226864,191,240,0.0211,0.018,0,0.0005,-1042,0,41,2,1,26,"Low","Baseline variation","Edge case or shared ownership","within control band","Healthy"
"2026-04-19","pixel-travel","Publisher Pixel / Travel","Pixel","Travel","Tracking",94313,90933,9,15,0.0122,0.011,1,0.0044,-2262,0,19,3,1,32,"Low","Baseline variation","Edge case or shared ownership","within control band","Healthy"
"2026-04-19","webhook-saas","Referral Webhook / SaaS","Webhook","SaaS","Referral integrations",61563,60934,10,10,0.0082,0.008,1,0.0025,-1004,0,10,1,1,29,"Low","Baseline variation","Edge case or shared ownership","within control band","Healthy"
"2026-04-19","csv-finance","Content Partner CSV / Finance","CSV","Finance","Publisher data",49570,48748,207,360,0.0063,0.006,1,0.0034,194,0,8,0,0,29,"Low","Baseline variation","Edge case or shared ownership","within control band","Healthy"
"2026-04-19","api-marketplace","Product API / Marketplace","API","Marketplace","Catalog integrations",122441,119994,27,30,0.0086,0.01,1,0.0059,541,0,35,2,1,30,"Low","Baseline variation","Edge case or shared ownership","within control band","Healthy"
"2026-04-19","server-fashion","Server Postback / Fashion","Server","Fashion","Tracking",149665,146243,12,20,0.0119,0.013,1,0.0054,-1181,0,25,2,2,30,"Low","Baseline variation","Edge case or shared ownership","within control band","Healthy"
"2026-04-19","webhook-food","Referral Webhook / Food","Webhook","Food","Referral integrations",69767,68434,7,10,0.0034,0.007,0,0.0028,-1753,0,14,1,1,25,"Low","Baseline variation","Edge case or shared ownership","within control band","Healthy"
"2026-04-19","ftp-home","FTP Batch / Home Goods","FTP","Home Goods","Affiliate integrations",103603,104057,239,300,0.0147,0.014,0,0.0033,-632,0.0044,22,0,1,25,"Low","Baseline variation","Edge case or shared ownership","within control band","Healthy"
"2026-04-19","api-mobile","Mobile API / Apps","API","Mobile Apps","Mobile integrations",81810,82496,12,20,0.0098,0.009,0,0.0032,269,0.0083,13,2,0,26,"Low","Baseline variation","Edge case or shared ownership","within control band","Healthy"
"2026-04-20","api-beauty","Creator API / Beauty","API","Beauty","Creator integrations",184131,184000,16,20,0.0109,0.012,2,0.0045,1094,0,27,0,1,34,"Low","Baseline variation","Edge case or shared ownership","within control band","Healthy"
"2026-04-20","csv-retail","Affiliate CSV / Retail","CSV","Retail","Affiliate integrations",234816,242000,259,240,0.0147,0.018,4,0.0046,1183,0.0297,57,0,1,49,"Low","Baseline variation","Edge case or shared ownership","within control band","Healthy"
"2026-04-20","pixel-travel","Publisher Pixel / Travel","Pixel","Travel","Tracking",95798,97000,11,15,0.0137,0.011,0,0.0045,295,0.0124,19,2,1,28,"Low","Baseline variation","Edge case or shared ownership","within control band","Healthy"
"2026-04-20","webhook-saas","Referral Webhook / SaaS","Webhook","SaaS","Referral integrations",64634,65000,13,10,0.0089,0.008,3,0.0018,-368,0.0056,14,3,2,46,"Low","Baseline variation","Edge case or shared ownership","within control band","Healthy"
"2026-04-20","csv-finance","Content Partner CSV / Finance","CSV","Finance","Publisher data",51973,52000,305,360,0.0079,0.006,0,0.0021,43,0.0005,6,2,0,25,"Low","Baseline variation","Edge case or shared ownership","within control band","Healthy"
"2026-04-20","api-marketplace","Product API / Marketplace","API","Marketplace","Catalog integrations",130867,128000,20,30,0.0107,0.01,2,0.0036,389,0,36,1,3,34,"Low","Baseline variation","Edge case or shared ownership","within control band","Healthy"
"2026-04-20","server-fashion","Server Postback / Fashion","Server","Fashion","Tracking",156578,156000,17,20,0.0176,0.013,0,0.0019,-736,0,26,2,3,28,"Low","Baseline variation","Edge case or shared ownership","within control band","Healthy"
"2026-04-20","webhook-food","Referral Webhook / Food","Webhook","Food","Referral integrations",71351,73000,9,10,0.0083,0.007,1,0.0036,995,0.0226,14,1,1,33,"Low","Baseline variation","Edge case or shared ownership","within control band","Healthy"
"2026-04-20","ftp-home","FTP Batch / Home Goods","FTP","Home Goods","Affiliate integrations",109233,111000,345,300,0.0153,0.014,1,0.0007,616,0.0159,20,1,0,34,"Low","Baseline variation","Edge case or shared ownership","within control band","Healthy"
"2026-04-20","api-mobile","Mobile API / Apps","API","Mobile Apps","Mobile integrations",87109,88000,20,20,0.007,0.009,0,0.0055,-724,0.0101,13,0,3,27,"Low","Baseline variation","Integration logic","within control band","Healthy"
"2026-04-21","api-beauty","Creator API / Beauty","API","Beauty","Creator integrations",188241,195509,17,20,0.0122,0.012,0,0.0039,509,0.0372,28,1,2,28,"Low","Baseline variation","Edge case or shared ownership","within control band","Healthy"
"2026-04-21","csv-retail","Affiliate CSV / Retail","CSV","Retail","Affiliate integrations",262600,257136,177,240,0.0182,0.018,4,0.0054,516,0,54,2,0,44,"Low","Baseline variation","Edge case or shared ownership","within control band","Healthy"
"2026-04-21","pixel-travel","Publisher Pixel / Travel","Pixel","Travel","Tracking",104812,103067,7,15,0.0129,0.011,0,0.0021,955,0,17,2,1,26,"Low","Baseline variation","Edge case or shared ownership","within control band","Healthy"
"2026-04-21","webhook-saas","Referral Webhook / SaaS","Webhook","SaaS","Referral integrations",67956,69066,6,10,0.0076,0.008,2,0.0046,238,0.0161,12,3,2,35,"Low","Baseline variation","Edge case or shared ownership","within control band","Healthy"
"2026-04-21","csv-finance","Content Partner CSV / Finance","CSV","Finance","Publisher data",57031,55252,286,360,0.0037,0.006,0,0.0023,-327,0,8,2,1,24,"Low","Baseline variation","Edge case or shared ownership","within control band","Healthy"
"2026-04-21","api-marketplace","Product API / Marketplace","API","Marketplace","Catalog integrations",135640,136006,21,30,0.0077,0.01,0,0.0036,1427,0.0027,26,0,2,26,"Low","Baseline variation","Edge case or shared ownership","within control band","Healthy"
"2026-04-21","server-fashion","Server Postback / Fashion","Server","Fashion","Tracking",163176,165757,21,20,0.0141,0.013,0,0,693,0.0156,29,3,1,27,"Low","Baseline variation","Edge case or shared ownership","within control band","Healthy"
"2026-04-21","webhook-food","Referral Webhook / Food","Webhook","Food","Referral integrations",76059,77566,9,10,0.0068,0.007,2,0.0037,-1160,0.0194,13,1,2,36,"Low","Baseline variation","Edge case or shared ownership","within control band","Healthy"
"2026-04-21","ftp-home","FTP Batch / Home Goods","FTP","Home Goods","Affiliate integrations",119003,117943,283,300,0.0157,0.014,1,0.0036,1,0,21,0,3,30,"Low","Baseline variation","Integration logic","within control band","Healthy"
"2026-04-21","api-mobile","Mobile API / Apps","API","Mobile Apps","Mobile integrations",89068,93504,10,20,0.0105,0.009,0,0,1355,0.0474,14,3,1,30,"Low","Baseline variation","Edge case or shared ownership","within control band","Healthy"
"2026-04-22","api-beauty","Creator API / Beauty","API","Beauty","Creator integrations",198892,198351,18,20,0.0144,0.012,0,0.0005,-604,0,21,0,1,25,"Low","Baseline variation","Edge case or shared ownership","within control band","Healthy"
"2026-04-22","csv-retail","Affiliate CSV / Retail","CSV","Retail","Affiliate integrations",270008,260875,157,240,0.0143,0.018,1,0.0042,1388,0,39,2,0,30,"Low","Baseline variation","Edge case or shared ownership","within control band","Healthy"
"2026-04-22","pixel-travel","Publisher Pixel / Travel","Pixel","Travel","Tracking",105056,104565,15,15,0.0096,0.011,0,0.0023,-1205,0,17,1,1,24,"Low","Baseline variation","Edge case or shared ownership","within control band","Healthy"
"2026-04-22","webhook-saas","Referral Webhook / SaaS","Webhook","SaaS","Referral integrations",70687,70070,9,10,0.0087,0.008,0,0.0023,-344,0,9,3,2,24,"Low","Baseline variation","Edge case or shared ownership","within control band","Healthy"
"2026-04-22","csv-finance","Content Partner CSV / Finance","CSV","Finance","Publisher data",56547,56056,349,360,0.0034,0.006,1,0.004,786,0,7,0,1,29,"Low","Baseline variation","Edge case or shared ownership","within control band","Healthy"
"2026-04-22","api-marketplace","Product API / Marketplace","API","Marketplace","Catalog integrations",138101,137983,38,30,0.009,0.01,1,0.0032,1222,0,37,1,1,36,"Low","Baseline variation","Edge case or shared ownership","within control band","Healthy"
"2026-04-22","server-fashion","Server Postback / Fashion","Server","Fashion","Tracking",165101,168167,16,20,0.01,0.013,0,0.0053,-550,0.0182,26,2,2,27,"Low","Baseline variation","Edge case or shared ownership","within control band","Healthy"
"2026-04-22","webhook-food","Referral Webhook / Food","Webhook","Food","Referral integrations",75081,78694,8,10,0.0091,0.007,1,0.0034,-1664,0.0459,14,1,3,37,"Low","Baseline variation","Edge case or shared ownership","within control band","Healthy"
"2026-04-22","ftp-home","FTP Batch / Home Goods","FTP","Home Goods","Affiliate integrations",123199,119657,282,300,0.0163,0.014,0,0.0039,721,0,21,1,2,27,"Low","Baseline variation","Edge case or shared ownership","within control band","Healthy"
"2026-04-22","api-mobile","Mobile API / Apps","API","Mobile Apps","Mobile integrations",94917,94863,17,20,0.0106,0.009,0,0.0062,1572,0,13,1,1,28,"Low","Baseline variation","Edge case or shared ownership","within control band","Healthy"
"2026-04-23","api-beauty","Creator API / Beauty","API","Beauty","Creator integrations",186368,190387,19,20,0.0128,0.012,2,0.0022,391,0.0211,27,1,1,35,"Low","Baseline variation","Edge case or shared ownership","within control band","Healthy"
"2026-04-23","csv-retail","Affiliate CSV / Retail","CSV","Retail","Affiliate integrations",248194,250400,175,240,0.02,0.018,0,0.0046,1006,0.0088,51,1,0,28,"Low","Baseline variation","Edge case or shared ownership","within control band","Healthy"
"2026-04-23","pixel-travel","Publisher Pixel / Travel","Pixel","Travel","Tracking",101424,100367,12,15,0.0124,0.011,0,0.0022,-14,0,16,0,2,24,"Low","Baseline variation","Edge case or shared ownership","within control band","Healthy"
"2026-04-23","webhook-saas","Referral Webhook / SaaS","Webhook","SaaS","Referral integrations",65953,67256,10,10,0.0096,0.008,1,0.0022,988,0.0194,12,0,2,32,"Low","Baseline variation","Edge case or shared ownership","within control band","Healthy"
"2026-04-23","csv-finance","Content Partner CSV / Finance","CSV","Finance","Publisher data",53774,53805,358,360,0.0055,0.006,1,0.0021,-845,0.0006,9,0,1,28,"Low","Baseline variation","Edge case or shared ownership","within control band","Healthy"
"2026-04-23","api-marketplace","Product API / Marketplace","API","Marketplace","Catalog integrations",131818,132443,34,30,0.0106,0.01,1,0.0045,-220,0.0047,30,3,2,34,"Low","Baseline variation","Edge case or shared ownership","within control band","Healthy"
"2026-04-23","server-fashion","Server Postback / Fashion","Server","Fashion","Tracking",156542,161415,17,20,0.0132,0.013,1,0.0008,1930,0.0302,28,1,1,32,"Low","Baseline variation","Edge case or shared ownership","within control band","Healthy"
"2026-04-23","webhook-food","Referral Webhook / Food","Webhook","Food","Referral integrations",77226,75534,6,10,0.0049,0.007,2,0.0033,991,0,13,0,1,34,"Low","Baseline variation","Edge case or shared ownership","within control band","Healthy"
"2026-04-23","ftp-home","FTP Batch / Home Goods","FTP","Home Goods","Affiliate integrations",117674,114853,233,300,0.0105,0.014,1,0.0039,-684,0,24,1,1,29,"Low","Baseline variation","Edge case or shared ownership","within control band","Healthy"
"2026-04-23","api-mobile","Mobile API / Apps","API","Mobile Apps","Mobile integrations",88407,91055,13,20,0.0055,0.009,1,0.0021,609,0.0291,17,0,0,31,"Low","Baseline variation","Edge case or shared ownership","within control band","Healthy"
"2026-04-24","api-beauty","Creator API / Beauty","API","Beauty","Creator integrations",175068,177613,17,20,0.0103,0.012,1,0.0034,309,0.0143,25,1,1,30,"Low","Baseline variation","Edge case or shared ownership","within control band","Healthy"
"2026-04-24","csv-retail","Affiliate CSV / Retail","CSV","Retail","Affiliate integrations",237709,233600,257,240,0.0136,0.018,1,0.0016,110,0,48,3,0,29,"Low","Baseline variation","Source data","within control band","Healthy"
"2026-04-24","pixel-travel","Publisher Pixel / Travel","Pixel","Travel","Tracking",93676,93633,13,15,0.0098,0.011,1,0.002,876,0,18,2,2,28,"Low","Baseline variation","Edge case or shared ownership","within control band","Healthy"
"2026-04-24","webhook-saas","Referral Webhook / SaaS","Webhook","SaaS","Referral integrations",61830,62744,6,10,0.0068,0.008,1,0.0015,-660,0.0146,10,1,1,29,"Low","Baseline variation","Edge case or shared ownership","within control band","Healthy"
"2026-04-24","csv-finance","Content Partner CSV / Finance","CSV","Finance","Publisher data",50615,50195,319,360,0.0056,0.006,1,0.0024,342,0,9,0,2,28,"Low","Baseline variation","Edge case or shared ownership","within control band","Healthy"
"2026-04-24","api-marketplace","Product API / Marketplace","API","Marketplace","Catalog integrations",124053,123557,18,30,0.0092,0.01,0,0.0021,-406,0,33,2,0,24,"Low","Baseline variation","Edge case or shared ownership","within control band","Healthy"
"2026-04-24","server-fashion","Server Postback / Fashion","Server","Fashion","Tracking",148482,150585,14,20,0.0126,0.013,0,0.0031,676,0.014,31,0,1,26,"Low","Baseline variation","Edge case or shared ownership","within control band","Healthy"
"2026-04-24","webhook-food","Referral Webhook / Food","Webhook","Food","Referral integrations",73547,70466,7,10,0.0106,0.007,1,0.0033,1833,0,15,2,1,34,"Low","Baseline variation","Edge case or shared ownership","within control band","Healthy"
"2026-04-24","ftp-home","FTP Batch / Home Goods","FTP","Home Goods","Affiliate integrations",104785,107147,147,300,0.0142,0.014,1,0.0061,1006,0.022,21,2,2,33,"Low","Baseline variation","Edge case or shared ownership","within control band","Healthy"
"2026-04-24","api-mobile","Mobile API / Apps","API","Mobile Apps","Mobile integrations",84568,84945,20,20,0.0134,0.009,1,0.0012,-1700,0.0044,18,3,2,33,"Low","Baseline variation","Edge case or shared ownership","within control band","Healthy"
"2026-04-25","api-beauty","Creator API / Beauty","API","Beauty","Creator integrations",175714,169649,20,20,0.0104,0.012,1,0.0012,-728,0,26,0,3,28,"Low","Baseline variation","Integration logic","within control band","Healthy"
"2026-04-25","csv-retail","Affiliate CSV / Retail","CSV","Retail","Affiliate integrations",224640,223125,163,240,0.0177,0.018,0,0.0014,1106,0,41,2,2,24,"Low","Baseline variation","Edge case or shared ownership","within control band","Healthy"
"2026-04-25","pixel-travel","Publisher Pixel / Travel","Pixel","Travel","Tracking",86354,89435,14,15,0.0154,0.011,0,0.0007,371,0.0344,20,2,1,30,"Low","Baseline variation","Edge case or shared ownership","within control band","Healthy"
"2026-04-25","webhook-saas","Referral Webhook / SaaS","Webhook","SaaS","Referral integrations",58572,59930,6,10,0.0081,0.008,1,0.0045,274,0.0227,11,1,3,31,"Low","Baseline variation","Edge case or shared ownership","within control band","Healthy"
"2026-04-25","csv-finance","Content Partner CSV / Finance","CSV","Finance","Publisher data",46934,47944,215,360,0.0069,0.006,0,0.0032,-650,0.0211,9,1,0,27,"Low","Baseline variation","Edge case or shared ownership","within control band","Healthy"
"2026-04-25","api-marketplace","Product API / Marketplace","API","Marketplace","Catalog integrations",117275,118017,34,30,0.009,0.01,0,0.0038,-497,0.0063,31,2,0,29,"Low","Baseline variation","Edge case or shared ownership","within control band","Healthy"
"2026-04-25","server-fashion","Server Postback / Fashion","Server","Fashion","Tracking",142930,143833,18,20,0.0128,0.013,1,0.0025,-195,0.0063,30,0,3,29,"Low","Baseline variation","Integration logic","within control band","Healthy"
"2026-04-25","webhook-food","Referral Webhook / Food","Webhook","Food","Referral integrations",68958,67306,9,10,0.0081,0.007,0,0,-1013,0,10,0,0,24,"Low","Baseline variation","Edge case or shared ownership","within control band","Healthy"
"2026-04-25","ftp-home","FTP Batch / Home Goods","FTP","Home Goods","Affiliate integrations",101832,102343,298,300,0.0138,0.014,3,0.0016,472,0.005,22,2,0,37,"Low","Baseline variation","Edge case or shared ownership","within control band","Healthy"
"2026-04-25","api-mobile","Mobile API / Apps","API","Mobile Apps","Mobile integrations",84755,81137,20,20,0.0085,0.009,1,0.0069,-433,0,18,2,3,30,"Low","Baseline variation","Edge case or shared ownership","within control band","Healthy"
"2026-04-26","api-beauty","Creator API / Beauty","API","Beauty","Creator integrations",177469,172491,17,20,0.0118,0.012,0,0.0055,1067,0,27,3,2,26,"Low","Baseline variation","Edge case or shared ownership","within control band","Healthy"
"2026-04-26","csv-retail","Affiliate CSV / Retail","CSV","Retail","Affiliate integrations",224886,226864,185,240,0.0191,0.018,1,0.0011,-1273,0.0087,53,1,1,30,"Low","Baseline variation","Edge case or shared ownership","within control band","Healthy"
"2026-04-26","pixel-travel","Publisher Pixel / Travel","Pixel","Travel","Tracking",88323,90933,9,15,0.0135,0.011,1,0.0003,307,0.0287,18,3,1,32,"Low","Baseline variation","Edge case or shared ownership","within control band","Healthy"
"2026-04-26","webhook-saas","Referral Webhook / SaaS","Webhook","SaaS","Referral integrations",58450,60934,9,10,0.0094,0.008,0,0.0027,497,0.0408,12,3,0,29,"Low","Baseline variation","Source data","within control band","Healthy"
"2026-04-26","csv-finance","Content Partner CSV / Finance","CSV","Finance","Publisher data",47580,48748,201,360,0.0049,0.006,0,0.004,-438,0.024,8,0,0,27,"Low","Baseline variation","Edge case or shared ownership","within control band","Healthy"
"2026-04-26","api-marketplace","Product API / Marketplace","API","Marketplace","Catalog integrations",126327,119994,19,30,0.0098,0.01,1,0.0009,1118,0,27,2,2,28,"Low","Baseline variation","Edge case or shared ownership","within control band","Healthy"
"2026-04-26","server-fashion","Server Postback / Fashion","Server","Fashion","Tracking",141503,146243,13,20,0.009,0.013,1,0.0044,407,0.0324,31,3,1,32,"Low","Baseline variation","Edge case or shared ownership","within control band","Healthy"
"2026-04-26","webhook-food","Referral Webhook / Food","Webhook","Food","Referral integrations",69383,68434,5,10,0.0057,0.007,1,0.0031,699,0,12,0,0,29,"Low","Baseline variation","Edge case or shared ownership","within control band","Healthy"
"2026-04-26","ftp-home","FTP Batch / Home Goods","FTP","Home Goods","Affiliate integrations",103468,104057,340,300,0.0131,0.014,0,0.0023,-196,0.0057,22,1,1,27,"Low","Baseline variation","Edge case or shared ownership","within control band","Healthy"
"2026-04-26","api-mobile","Mobile API / Apps","API","Mobile Apps","Mobile integrations",84328,82496,15,20,0.0088,0.009,1,0.0041,-861,0,14,1,1,29,"Low","Baseline variation","Edge case or shared ownership","within control band","Healthy"
"2026-04-27","api-beauty","Creator API / Beauty","API","Beauty","Creator integrations",193051,184000,14,20,0.0128,0.012,1,0.0031,611,0,22,1,1,29,"Low","Baseline variation","Edge case or shared ownership","within control band","Healthy"
"2026-04-27","csv-retail","Affiliate CSV / Retail","CSV","Retail","Affiliate integrations",240970,242000,112,240,0.0156,0.018,1,0.0005,68,0.0043,48,0,0,27,"Low","Baseline variation","Edge case or shared ownership","within control band","Healthy"
"2026-04-27","pixel-travel","Publisher Pixel / Travel","Pixel","Travel","Tracking",100699,97000,8,15,0.0123,0.011,3,0.0027,17,0,22,3,1,38,"Low","Baseline variation","Edge case or shared ownership","within control band","Healthy"
"2026-04-27","webhook-saas","Referral Webhook / SaaS","Webhook","SaaS","Referral integrations",68292,65000,10,10,0.007,0.008,0,0.0043,188,0,9,2,1,24,"Low","Baseline variation","Edge case or shared ownership","within control band","Healthy"
"2026-04-27","csv-finance","Content Partner CSV / Finance","CSV","Finance","Publisher data",51364,52000,319,360,0.0047,0.006,1,0.0032,1710,0.0122,8,3,2,31,"Low","Baseline variation","Edge case or shared ownership","within control band","Healthy"
"2026-04-27","api-marketplace","Product API / Marketplace","API","Marketplace","Catalog integrations",132244,128000,23,30,0.0099,0.01,1,0.0046,-496,0,36,1,2,29,"Low","Baseline variation","Edge case or shared ownership","within control band","Healthy"
"2026-04-27","server-fashion","Server Postback / Fashion","Server","Fashion","Tracking",158688,156000,20,20,0.0132,0.013,1,0.0043,-628,0,29,1,1,30,"Low","Baseline variation","Edge case or shared ownership","within control band","Healthy"
"2026-04-27","webhook-food","Referral Webhook / Food","Webhook","Food","Referral integrations",73456,73000,10,10,0.0083,0.007,0,0.0004,16,0,10,0,1,23,"Low","Baseline variation","Edge case or shared ownership","within control band","Healthy"
"2026-04-27","ftp-home","FTP Batch / Home Goods","FTP","Home Goods","Affiliate integrations",112836,111000,199,300,0.0139,0.014,3,0.0033,-906,0,26,3,2,38,"Low","Baseline variation","Edge case or shared ownership","within control band","Healthy"
"2026-04-27","api-mobile","Mobile API / Apps","API","Mobile Apps","Mobile integrations",86713,88000,13,20,0.0081,0.009,1,0.0052,138,0.0146,18,1,0,31,"Low","Baseline variation","Edge case or shared ownership","within control band","Healthy"
"2026-04-28","api-beauty","Creator API / Beauty","API","Beauty","Creator integrations",196752,195509,18,20,0.0131,0.012,0,0.0029,1119,0,21,1,1,26,"Low","Baseline variation","Edge case or shared ownership","within control band","Healthy"
"2026-04-28","csv-retail","Affiliate CSV / Retail","CSV","Retail","Affiliate integrations",248484,257136,113,240,0.0207,0.018,0,0.0022,1250,0.0336,39,1,1,30,"Low","Baseline variation","Edge case or shared ownership","within control band","Healthy"
"2026-04-28","pixel-travel","Publisher Pixel / Travel","Pixel","Travel","Tracking",99382,103067,9,15,0.0108,0.011,0,0.0016,127,0.0358,17,3,1,27,"Low","Baseline variation","Edge case or shared ownership","within control band","Healthy"
"2026-04-28","webhook-saas","Referral Webhook / SaaS","Webhook","SaaS","Referral integrations",68733,69066,10,10,0.0041,0.008,0,0.0036,1195,0.0048,10,0,2,26,"Low","Baseline variation","Edge case or shared ownership","within control band","Healthy"
"2026-04-28","csv-finance","Content Partner CSV / Finance","CSV","Finance","Publisher data",53708,55252,369,360,0.0061,0.006,1,0.0037,478,0.0279,7,3,3,32,"Low","Baseline variation","Edge case or shared ownership","within control band","Healthy"
"2026-04-28","api-marketplace","Product API / Marketplace","API","Marketplace","Catalog integrations",135115,136006,26,30,0.0125,0.01,0,0.0038,118,0.0066,35,0,0,27,"Low","Baseline variation","Edge case or shared ownership","within control band","Healthy"
"2026-04-28","server-fashion","Server Postback / Fashion","Server","Fashion","Tracking",162344,165757,17,20,0.0155,0.013,0,0.0059,-81,0.0206,30,2,2,30,"Low","Baseline variation","Edge case or shared ownership","within control band","Healthy"
"2026-04-28","webhook-food","Referral Webhook / Food","Webhook","Food","Referral integrations",77068,77566,5,10,0.0075,0.007,0,0.004,1374,0.0064,11,0,0,27,"Low","Baseline variation","Edge case or shared ownership","within control band","Healthy"
"2026-04-28","ftp-home","FTP Batch / Home Goods","FTP","Home Goods","Affiliate integrations",114680,117943,171,300,0.0128,0.014,1,0.0032,592,0.0277,20,1,0,32,"Low","Baseline variation","Edge case or shared ownership","within control band","Healthy"
"2026-04-28","api-mobile","Mobile API / Apps","API","Mobile Apps","Mobile integrations",93848,93504,24,20,0.0101,0.009,2,0.0037,5,0,19,2,0,39,"Low","Baseline variation","Edge case or shared ownership","within control band","Healthy"
"2026-04-29","api-beauty","Creator API / Beauty","API","Beauty","Creator integrations",187285,198351,12,20,0.0097,0.012,1,0.0053,127,0.0558,29,2,1,35,"Low","Baseline variation","Edge case or shared ownership","within control band","Healthy"
"2026-04-29","csv-retail","Affiliate CSV / Retail","CSV","Retail","Affiliate integrations",256768,260875,215,240,0.0162,0.018,0,0.003,-998,0.0157,45,3,3,26,"Low","Baseline variation","Edge case or shared ownership","within control band","Healthy"
"2026-04-29","pixel-travel","Publisher Pixel / Travel","Pixel","Travel","Tracking",101643,104565,11,15,0.0093,0.011,2,0.0016,1211,0.0279,22,2,2,36,"Low","Baseline variation","Edge case or shared ownership","within control band","Healthy"
"2026-04-29","webhook-saas","Referral Webhook / SaaS","Webhook","SaaS","Referral integrations",68245,70070,10,10,0.0048,0.008,1,0.0054,565,0.026,10,2,2,32,"Low","Baseline variation","Edge case or shared ownership","within control band","Healthy"
"2026-04-29","csv-finance","Content Partner CSV / Finance","CSV","Finance","Publisher data",54077,56056,179,360,0.0046,0.006,1,0.0058,247,0.0353,8,1,0,33,"Low","Baseline variation","Edge case or shared ownership","within control band","Healthy"
"2026-04-29","api-marketplace","Product API / Marketplace","API","Marketplace","Catalog integrations",134183,137983,18,30,0.0114,0.01,0,0.0035,960,0.0275,29,0,3,29,"Low","Baseline variation","Integration logic","within control band","Healthy"
"2026-04-29","server-fashion","Server Postback / Fashion","Server","Fashion","Tracking",160539,168167,12,20,0.0142,0.013,1,0.0064,-979,0.0454,32,3,2,36,"Low","Baseline variation","Edge case or shared ownership","within control band","Healthy"
"2026-04-29","webhook-food","Referral Webhook / Food","Webhook","Food","Referral integrations",80377,78694,7,10,0.0081,0.007,1,0.0017,-851,0,12,2,0,29,"Low","Baseline variation","Edge case or shared ownership","within control band","Healthy"
"2026-04-29","ftp-home","FTP Batch / Home Goods","FTP","Home Goods","Affiliate integrations",121043,119657,313,300,0.0123,0.014,0,0.0041,133,0,17,1,0,25,"Low","Baseline variation","Edge case or shared ownership","within control band","Healthy"
"2026-04-29","api-mobile","Mobile API / Apps","API","Mobile Apps","Mobile integrations",93981,94863,13,20,0.0095,0.009,0,0.0019,-1421,0.0093,14,3,3,26,"Low","Baseline variation","Edge case or shared ownership","within control band","Healthy"
"2026-04-30","api-beauty","Creator API / Beauty","API","Beauty","Creator integrations",189996,190387,14,20,0.0116,0.012,4,0.0023,776,0.0021,30,1,2,42,"Low","Baseline variation","Edge case or shared ownership","within control band","Healthy"
"2026-04-30","csv-retail","Affiliate CSV / Retail","CSV","Retail","Affiliate integrations",256875,250400,226,240,0.0213,0.018,1,0.0006,509,0,53,1,2,30,"Low","Baseline variation","Edge case or shared ownership","within control band","Healthy"
"2026-04-30","pixel-travel","Publisher Pixel / Travel","Pixel","Travel","Tracking",102690,100367,11,15,0.0112,0.011,1,0.003,579,0,19,2,3,29,"Low","Baseline variation","Edge case or shared ownership","within control band","Healthy"
"2026-04-30","webhook-saas","Referral Webhook / SaaS","Webhook","SaaS","Referral integrations",68005,67256,5,10,0.0066,0.008,0,0.0027,1260,0,11,2,1,25,"Low","Baseline variation","Edge case or shared ownership","within control band","Healthy"
"2026-04-30","csv-finance","Content Partner CSV / Finance","CSV","Finance","Publisher data",52180,53805,197,360,0.0032,0.006,1,0.0016,-1222,0.0302,9,2,2,32,"Low","Baseline variation","Edge case or shared ownership","within control band","Healthy"
"2026-04-30","api-marketplace","Product API / Marketplace","API","Marketplace","Catalog integrations",133062,132443,32,30,0.007,0.01,3,0.0028,1247,0,34,3,1,40,"Low","Baseline variation","Edge case or shared ownership","within control band","Healthy"
"2026-04-30","server-fashion","Server Postback / Fashion","Server","Fashion","Tracking",164611,161415,15,20,0.01,0.013,0,0.0049,2165,0,28,1,0,27,"Low","Baseline variation","Edge case or shared ownership","within control band","Healthy"
"2026-04-30","webhook-food","Referral Webhook / Food","Webhook","Food","Referral integrations",77197,75534,8,10,0.0093,0.007,1,0.0029,607,0,14,2,2,31,"Low","Baseline variation","Edge case or shared ownership","within control band","Healthy"
"2026-04-30","ftp-home","FTP Batch / Home Goods","FTP","Home Goods","Affiliate integrations",113266,114853,161,300,0.0144,0.014,2,0.0028,-818,0.0138,22,0,1,35,"Low","Baseline variation","Edge case or shared ownership","within control band","Healthy"
"2026-04-30","api-mobile","Mobile API / Apps","API","Mobile Apps","Mobile integrations",89695,91055,16,20,0.0064,0.009,1,0.0034,159,0.0149,16,0,1,30,"Low","Baseline variation","Edge case or shared ownership","within control band","Healthy"
"2026-05-01","api-beauty","Creator API / Beauty","API","Beauty","Creator integrations",171700,177613,13,20,0.017,0.012,0,0.0023,48,0.0333,30,0,3,31,"Low","Baseline variation","Integration logic","within control band","Healthy"
"2026-05-01","csv-retail","Affiliate CSV / Retail","CSV","Retail","Affiliate integrations",229600,233600,242,240,0.0193,0.018,1,0.0014,437,0.0171,49,2,3,31,"Low","Baseline variation","Edge case or shared ownership","within control band","Healthy"
"2026-05-01","pixel-travel","Publisher Pixel / Travel","Pixel","Travel","Tracking",90132,93633,14,15,0.012,0.011,1,0.0003,-397,0.0374,20,1,2,32,"Low","Baseline variation","Edge case or shared ownership","within control band","Healthy"
"2026-05-01","webhook-saas","Referral Webhook / SaaS","Webhook","SaaS","Referral integrations",63271,62744,11,10,0.0098,0.008,0,0.0049,-21,0,12,2,3,29,"Low","Baseline variation","Edge case or shared ownership","within control band","Healthy"
"2026-05-01","csv-finance","Content Partner CSV / Finance","CSV","Finance","Publisher data",50641,50195,309,360,0.0092,0.006,0,0.0047,720,0,8,3,1,28,"Low","Baseline variation","Edge case or shared ownership","within control band","Healthy"
"2026-05-01","api-marketplace","Product API / Marketplace","API","Marketplace","Catalog integrations",124921,123557,29,30,0.0124,0.01,0,0.0017,-483,0,26,2,2,26,"Low","Baseline variation","Edge case or shared ownership","within control band","Healthy"
"2026-05-01","server-fashion","Server Postback / Fashion","Server","Fashion","Tracking",147040,150585,15,20,0.0121,0.013,0,0.0018,870,0.0235,24,0,1,26,"Low","Baseline variation","Edge case or shared ownership","within control band","Healthy"
"2026-05-01","webhook-food","Referral Webhook / Food","Webhook","Food","Referral integrations",69550,70466,9,10,0.0043,0.007,1,0.0056,62,0.013,13,3,2,31,"Low","Baseline variation","Edge case or shared ownership","within control band","Healthy"
"2026-05-01","ftp-home","FTP Batch / Home Goods","FTP","Home Goods","Affiliate integrations",106116,107147,288,300,0.0128,0.014,4,0.0015,1328,0.0096,26,3,0,43,"Low","Baseline variation","Source data","within control band","Healthy"
"2026-05-01","api-mobile","Mobile API / Apps","API","Mobile Apps","Mobile integrations",84021,84945,11,20,0.0059,0.009,0,0.0009,-1156,0.0109,15,1,1,25,"Low","Baseline variation","Edge case or shared ownership","within control band","Healthy"
"2026-05-02","api-beauty","Creator API / Beauty","API","Beauty","Creator integrations",168962,169649,21,20,0.0114,0.012,0,0.0036,-204,0.004,27,2,1,26,"Low","Baseline variation","Edge case or shared ownership","within control band","Healthy"
"2026-05-02","csv-retail","Affiliate CSV / Retail","CSV","Retail","Affiliate integrations",228091,223125,131,240,0.018,0.018,2,0.0044,274,0,52,0,1,34,"Low","Baseline variation","Edge case or shared ownership","within control band","Healthy"
"2026-05-02","pixel-travel","Publisher Pixel / Travel","Pixel","Travel","Tracking",94521,89435,14,15,0.0127,0.011,1,0.0055,-1167,0,17,2,1,32,"Low","Baseline variation","Edge case or shared ownership","within control band","Healthy"
"2026-05-02","webhook-saas","Referral Webhook / SaaS","Webhook","SaaS","Referral integrations",61182,59930,6,10,0.006,0.008,1,0.004,435,0,12,2,1,29,"Low","Baseline variation","Edge case or shared ownership","within control band","Healthy"
"2026-05-02","csv-finance","Content Partner CSV / Finance","CSV","Finance","Publisher data",48838,47944,310,360,0.0043,0.006,0,0.0014,-123,0,8,2,2,23,"Low","Baseline variation","Edge case or shared ownership","within control band","Healthy"
"2026-05-02","api-marketplace","Product API / Marketplace","API","Marketplace","Catalog integrations",115676,118017,36,30,0.0098,0.01,1,0.0042,-223,0.0198,36,0,1,36,"Low","Baseline variation","Edge case or shared ownership","within control band","Healthy"
"2026-05-02","server-fashion","Server Postback / Fashion","Server","Fashion","Tracking",147903,143833,10,20,0.0122,0.013,1,0.0023,1030,0,29,0,2,29,"Low","Baseline variation","Edge case or shared ownership","within control band","Healthy"
"2026-05-02","webhook-food","Referral Webhook / Food","Webhook","Food","Referral integrations",67336,67306,8,10,0.0069,0.007,0,0.0017,2000,0,10,3,2,25,"Low","Baseline variation","Edge case or shared ownership","within control band","Healthy"
"2026-05-02","ftp-home","FTP Batch / Home Goods","FTP","Home Goods","Affiliate integrations",102329,102343,283,300,0.0126,0.014,1,0.0045,-764,0.0001,24,1,2,30,"Low","Baseline variation","Edge case or shared ownership","within control band","Healthy"
"2026-05-02","api-mobile","Mobile API / Apps","API","Mobile Apps","Mobile integrations",81765,81137,9,20,0.0091,0.009,2,0.0042,178,0,15,1,1,33,"Low","Baseline variation","Edge case or shared ownership","within control band","Healthy"
"2026-05-03","api-beauty","Creator API / Beauty","API","Beauty","Creator integrations",175203,172491,20,20,0.0126,0.012,0,0.004,1071,0,21,2,2,26,"Low","Baseline variation","Edge case or shared ownership","within control band","Healthy"
"2026-05-03","csv-retail","Affiliate CSV / Retail","CSV","Retail","Affiliate integrations",226151,226864,227,240,0.0197,0.018,1,0.0021,111,0.0031,52,2,1,30,"Low","Baseline variation","Edge case or shared ownership","within control band","Healthy"
"2026-05-03","pixel-travel","Publisher Pixel / Travel","Pixel","Travel","Tracking",89945,90933,11,15,0.0091,0.011,1,0.0034,-1124,0.0109,20,0,1,30,"Low","Baseline variation","Edge case or shared ownership","within control band","Healthy"
"2026-05-03","webhook-saas","Referral Webhook / SaaS","Webhook","SaaS","Referral integrations",58593,60934,8,10,0.0089,0.008,0,0.0037,-1277,0.0384,13,0,0,30,"Low","Baseline variation","Edge case or shared ownership","within control band","Healthy"
"2026-05-03","csv-finance","Content Partner CSV / Finance","CSV","Finance","Publisher data",48471,48748,182,360,0.0026,0.006,1,0.0046,1185,0.0057,9,2,2,31,"Low","Baseline variation","Edge case or shared ownership","within control band","Healthy"
"2026-05-03","api-marketplace","Product API / Marketplace","API","Marketplace","Catalog integrations",119313,119994,16,30,0.0127,0.01,0,0.0028,-769,0.0057,29,1,2,27,"Low","Baseline variation","Edge case or shared ownership","within control band","Healthy"
"2026-05-03","server-fashion","Server Postback / Fashion","Server","Fashion","Tracking",143326,146243,15,20,0.0119,0.013,0,0.0028,-1234,0.0199,24,3,2,27,"Low","Baseline variation","Edge case or shared ownership","within control band","Healthy"
"2026-05-03","webhook-food","Referral Webhook / Food","Webhook","Food","Referral integrations",68916,68434,7,10,0.0079,0.007,0,0.0046,1657,0,11,2,0,27,"Low","Baseline variation","Edge case or shared ownership","within control band","Healthy"
"2026-05-03","ftp-home","FTP Batch / Home Goods","FTP","Home Goods","Affiliate integrations",107333,104057,397,300,0.0145,0.014,2,0.0041,-560,0,27,3,2,43,"Low","Baseline variation","Edge case or shared ownership","within control band","Healthy"
"2026-05-03","api-mobile","Mobile API / Apps","API","Mobile Apps","Mobile integrations",83739,82496,15,20,0.0097,0.009,1,0.0043,-284,0,18,1,1,30,"Low","Baseline variation","Edge case or shared ownership","within control band","Healthy"
"2026-05-04","api-beauty","Creator API / Beauty","API","Beauty","Creator integrations",177835,184000,18,20,0.0102,0.012,1,0.0043,264,0.0335,26,1,3,32,"Low","Baseline variation","Edge case or shared ownership","within control band","Healthy"
"2026-05-04","csv-retail","Affiliate CSV / Retail","CSV","Retail","Affiliate integrations",238166,242000,173,240,0.0188,0.018,0,0.0056,987,0.0158,48,0,1,28,"Low","Baseline variation","Edge case or shared ownership","within control band","Healthy"
"2026-05-04","pixel-travel","Publisher Pixel / Travel","Pixel","Travel","Tracking",97670,97000,12,15,0.0132,0.011,0,0.0021,-1184,0,18,3,0,26,"Low","Baseline variation","Source data","within control band","Healthy"
"2026-05-04","webhook-saas","Referral Webhook / SaaS","Webhook","SaaS","Referral integrations",64338,65000,8,10,0.0064,0.008,0,0,-982,0.0102,12,0,2,24,"Low","Baseline variation","Edge case or shared ownership","within control band","Healthy"
"2026-05-04","csv-finance","Content Partner CSV / Finance","CSV","Finance","Publisher data",51260,52000,442,360,0.0072,0.006,1,0.0012,-750,0.0142,8,1,2,36,"Low","Baseline variation","Edge case or shared ownership","within control band","Healthy"
"2026-05-04","api-marketplace","Product API / Marketplace","API","Marketplace","Catalog integrations",124656,128000,23,30,0.0076,0.01,1,0.0034,-1244,0.0261,29,2,3,32,"Low","Baseline variation","Edge case or shared ownership","within control band","Healthy"
"2026-05-04","server-fashion","Server Postback / Fashion","Server","Fashion","Tracking",155826,156000,13,20,0.0146,0.013,0,0.003,229,0.0011,23,3,1,25,"Low","Baseline variation","Edge case or shared ownership","within control band","Healthy"
"2026-05-04","webhook-food","Referral Webhook / Food","Webhook","Food","Referral integrations",71408,73000,7,10,0.007,0.007,0,0.0036,-107,0.0218,11,3,2,26,"Low","Baseline variation","Edge case or shared ownership","within control band","Healthy"
"2026-05-04","ftp-home","FTP Batch / Home Goods","FTP","Home Goods","Affiliate integrations",112834,111000,209,300,0.0128,0.014,1,0.0006,378,0,24,2,0,27,"Low","Baseline variation","Edge case or shared ownership","within control band","Healthy"
"2026-05-04","api-mobile","Mobile API / Apps","API","Mobile Apps","Mobile integrations",86753,88000,18,20,0.0109,0.009,0,0.0026,1102,0.0142,18,1,1,28,"Low","Baseline variation","Edge case or shared ownership","within control band","Healthy"
"2026-05-05","api-beauty","Creator API / Beauty","API","Beauty","Creator integrations",195193,195509,25,20,0.0122,0.012,0,0.0025,64,0.0016,27,2,1,30,"Low","Baseline variation","Edge case or shared ownership","within control band","Healthy"
"2026-05-05","csv-retail","Affiliate CSV / Retail","CSV","Retail","Affiliate integrations",264607,257136,183,240,0.019,0.018,0,0.001,-724,0,39,1,0,24,"Low","Baseline variation","Edge case or shared ownership","within control band","Healthy"
"2026-05-05","pixel-travel","Publisher Pixel / Travel","Pixel","Travel","Tracking",101731,103067,13,15,0.0077,0.011,1,0.0017,329,0.013,16,2,2,29,"Low","Baseline variation","Edge case or shared ownership","within control band","Healthy"
"2026-05-05","webhook-saas","Referral Webhook / SaaS","Webhook","SaaS","Referral integrations",70862,69066,9,10,0.0096,0.008,0,0.0027,-367,0,10,3,2,25,"Low","Baseline variation","Edge case or shared ownership","within control band","Healthy"
"2026-05-05","csv-finance","Content Partner CSV / Finance","CSV","Finance","Publisher data",55270,55252,255,360,0.0065,0.006,0,0.0028,-1031,0,7,0,0,25,"Low","Baseline variation","Edge case or shared ownership","within control band","Healthy"
"2026-05-05","api-marketplace","Product API / Marketplace","API","Marketplace","Catalog integrations",143869,136006,21,30,0.009,0.01,2,0.0029,346,0,32,2,2,33,"Low","Baseline variation","Edge case or shared ownership","within control band","Healthy"
"2026-05-05","server-fashion","Server Postback / Fashion","Server","Fashion","Tracking",163552,165757,19,20,0.0105,0.013,1,0.0045,1916,0.0133,28,1,1,32,"Low","Baseline variation","Edge case or shared ownership","within control band","Healthy"
"2026-05-05","webhook-food","Referral Webhook / Food","Webhook","Food","Referral integrations",76842,77566,7,10,0.0064,0.007,0,0.0031,1063,0.0093,10,1,3,26,"Low","Baseline variation","Edge case or shared ownership","within control band","Healthy"
"2026-05-05","ftp-home","FTP Batch / Home Goods","FTP","Home Goods","Affiliate integrations",118956,117943,147,300,0.0129,0.014,4,0.0052,-873,0,25,3,3,44,"Low","Baseline variation","Edge case or shared ownership","within control band","Healthy"
"2026-05-05","api-mobile","Mobile API / Apps","API","Mobile Apps","Mobile integrations",94044,93504,14,20,0.0067,0.009,0,0.0021,307,0,15,2,1,23,"Low","Baseline variation","Edge case or shared ownership","within control band","Healthy"
"2026-05-06","api-beauty","Creator API / Beauty","API","Beauty","Creator integrations",200593,198351,16,20,0.0137,0.012,1,0.0015,1907,0,29,3,3,31,"Low","Baseline variation","Edge case or shared ownership","within control band","Healthy"
"2026-05-06","csv-retail","Affiliate CSV / Retail","CSV","Retail","Affiliate integrations",253013,260875,158,240,0.018,0.018,1,0.0014,-1511,0.0301,46,3,2,32,"Low","Baseline variation","Edge case or shared ownership","within control band","Healthy"
"2026-05-06","pixel-travel","Publisher Pixel / Travel","Pixel","Travel","Tracking",102388,104565,8,15,0.012,0.011,0,0.0026,-518,0.0208,17,2,2,27,"Low","Baseline variation","Edge case or shared ownership","within control band","Healthy"
"2026-05-06","webhook-saas","Referral Webhook / SaaS","Webhook","SaaS","Referral integrations",68940,70070,9,10,0.0079,0.008,0,0.002,-1557,0.0161,11,3,0,26,"Low","Baseline variation","Source data","within control band","Healthy"
"2026-05-06","csv-finance","Content Partner CSV / Finance","CSV","Finance","Publisher data",53813,56056,259,360,0.0046,0.006,1,0.0035,-917,0.04,10,0,1,33,"Low","Baseline variation","Edge case or shared ownership","within control band","Healthy"
"2026-05-06","api-marketplace","Product API / Marketplace","API","Marketplace","Catalog integrations",142377,137983,18,30,0.0109,0.01,0,0.0016,893,0,32,1,0,25,"Low","Baseline variation","Edge case or shared ownership","within control band","Healthy"
"2026-05-06","server-fashion","Server Postback / Fashion","Server","Fashion","Tracking",161937,168167,15,20,0.016,0.013,1,0.0006,-462,0.037,29,2,1,34,"Low","Baseline variation","Edge case or shared ownership","within control band","Healthy"
"2026-05-06","webhook-food","Referral Webhook / Food","Webhook","Food","Referral integrations",81880,78694,9,10,0.0095,0.007,0,0.0032,1830,0,14,2,0,28,"Low","Baseline variation","Edge case or shared ownership","within control band","Healthy"
"2026-05-06","ftp-home","FTP Batch / Home Goods","FTP","Home Goods","Affiliate integrations",118390,119657,175,300,0.012,0.014,1,0.0038,1165,0.0106,23,1,2,31,"Low","Baseline variation","Edge case or shared ownership","within control band","Healthy"
"2026-05-06","api-mobile","Mobile API / Apps","API","Mobile Apps","Mobile integrations",94564,94863,17,20,0.01,0.009,3,0.0029,926,0.0032,17,3,3,39,"Low","Baseline variation","Edge case or shared ownership","within control band","Healthy"
"2026-05-07","api-beauty","Creator API / Beauty","API","Beauty","Creator integrations",189921,190387,11,20,0.0101,0.012,1,0.001,58,0.0024,28,2,2,27,"Low","Baseline variation","Edge case or shared ownership","within control band","Healthy"
"2026-05-07","csv-retail","Affiliate CSV / Retail","CSV","Retail","Affiliate integrations",245603,250400,278,240,0.0163,0.018,1,0.0062,-57,0.0192,57,2,3,36,"Low","Baseline variation","Edge case or shared ownership","within control band","Healthy"
"2026-05-07","pixel-travel","Publisher Pixel / Travel","Pixel","Travel","Tracking",102175,100367,12,15,0.0122,0.011,1,0.0031,36,0,20,1,3,29,"Low","Baseline variation","Edge case or shared ownership","within control band","Healthy"
"2026-05-07","webhook-saas","Referral Webhook / SaaS","Webhook","SaaS","Referral integrations",67014,67256,10,10,0.0064,0.008,1,0.0012,-499,0.0036,12,0,1,28,"Low","Baseline variation","Edge case or shared ownership","within control band","Healthy"
"2026-05-07","csv-finance","Content Partner CSV / Finance","CSV","Finance","Publisher data",55679,53805,219,360,0.006,0.006,1,0.0065,1592,0,10,3,3,31,"Low","Baseline variation","Edge case or shared ownership","within control band","Healthy"
"2026-05-07","api-marketplace","Product API / Marketplace","API","Marketplace","Catalog integrations",132803,132443,25,30,0.008,0.01,0,0.0036,827,0,33,2,3,25,"Low","Baseline variation","Edge case or shared ownership","within control band","Healthy"
"2026-05-07","server-fashion","Server Postback / Fashion","Server","Fashion","Tracking",163186,161415,13,20,0.0125,0.013,1,0.0043,-475,0,25,1,2,29,"Low","Baseline variation","Edge case or shared ownership","within control band","Healthy"
"2026-05-07","webhook-food","Referral Webhook / Food","Webhook","Food","Referral integrations",75659,75534,9,10,0.0057,0.007,0,0.0027,-901,0,13,2,1,24,"Low","Baseline variation","Edge case or shared ownership","within control band","Healthy"
"2026-05-07","ftp-home","FTP Batch / Home Goods","FTP","Home Goods","Affiliate integrations",112366,114853,175,300,0.0142,0.014,0,0.0024,268,0.0217,18,0,1,26,"Low","Baseline variation","Edge case or shared ownership","within control band","Healthy"
"2026-05-07","api-mobile","Mobile API / Apps","API","Mobile Apps","Mobile integrations",95688,91055,16,20,0.0099,0.009,1,0.0028,1069,0,14,2,0,30,"Low","Baseline variation","Edge case or shared ownership","within control band","Healthy"
"2026-05-08","api-beauty","Creator API / Beauty","API","Beauty","Creator integrations",180036,177613,13,20,0.0116,0.012,0,0.0036,1694,0,24,3,2,26,"Low","Baseline variation","Edge case or shared ownership","within control band","Healthy"
"2026-05-08","csv-retail","Affiliate CSV / Retail","CSV","Retail","Affiliate integrations",243412,233600,245,240,0.0154,0.018,0,0.0041,-50,0,47,1,1,25,"Low","Baseline variation","Edge case or shared ownership","within control band","Healthy"
"2026-05-08","pixel-travel","Publisher Pixel / Travel","Pixel","Travel","Tracking",92916,93633,7,15,0.015,0.011,0,0.0043,-68,0.0077,15,1,2,29,"Low","Baseline variation","Edge case or shared ownership","within control band","Healthy"
"2026-05-08","webhook-saas","Referral Webhook / SaaS","Webhook","SaaS","Referral integrations",61492,62744,9,10,0.0109,0.008,0,0.0014,-454,0.02,10,1,2,28,"Low","Baseline variation","Edge case or shared ownership","within control band","Healthy"
"2026-05-08","csv-finance","Content Partner CSV / Finance","CSV","Finance","Publisher data",47140,50195,512,360,0.0107,0.006,0,0.0018,-565,0.0609,11,1,1,45,"Low","Baseline variation","Edge case or shared ownership","within control band","Healthy"
"2026-05-08","api-marketplace","Product API / Marketplace","API","Marketplace","Catalog integrations",126322,123557,25,30,0.0104,0.01,0,0.0033,-108,0,32,3,3,24,"Low","Baseline variation","Edge case or shared ownership","within control band","Healthy"
"2026-05-08","server-fashion","Server Postback / Fashion","Server","Fashion","Tracking",147833,150585,11,20,0.0142,0.013,0,0.0042,1333,0.0183,26,2,2,28,"Low","Baseline variation","Edge case or shared ownership","within control band","Healthy"
"2026-05-08","webhook-food","Referral Webhook / Food","Webhook","Food","Referral integrations",70730,70466,9,10,0.0042,0.007,4,0.0032,420,0,15,1,2,42,"Low","Baseline variation","Edge case or shared ownership","within control band","Healthy"
"2026-05-08","ftp-home","FTP Batch / Home Goods","FTP","Home Goods","Affiliate integrations",107454,107147,233,300,0.0132,0.014,0,0.0039,75,0,16,2,1,24,"Low","Baseline variation","Edge case or shared ownership","within control band","Healthy"
"2026-05-08","api-mobile","Mobile API / Apps","API","Mobile Apps","Mobile integrations",87959,84945,14,20,0.0073,0.009,1,0.0016,-772,0,13,2,1,28,"Low","Baseline variation","Edge case or shared ownership","within control band","Healthy"
"2026-05-09","api-beauty","Creator API / Beauty","API","Beauty","Creator integrations",166167,169649,14,20,0.0135,0.012,0,0.0026,1870,0.0205,24,1,2,29,"Low","Baseline variation","Edge case or shared ownership","within control band","Healthy"
"2026-05-09","csv-retail","Affiliate CSV / Retail","CSV","Retail","Affiliate integrations",221779,223125,208,240,0.0169,0.018,1,0.0042,-58,0.006,40,2,0,29,"Low","Baseline variation","Edge case or shared ownership","within control band","Healthy"
"2026-05-09","pixel-travel","Publisher Pixel / Travel","Pixel","Travel","Tracking",92534,89435,14,15,0.0086,0.011,0,0.0053,-426,0,18,0,1,25,"Low","Baseline variation","Edge case or shared ownership","within control band","Healthy"
"2026-05-09","webhook-saas","Referral Webhook / SaaS","Webhook","SaaS","Referral integrations",60081,59930,7,10,0.0088,0.008,0,0.0062,281,0,10,1,3,26,"Low","Baseline variation","Edge case or shared ownership","within control band","Healthy"
"2026-05-09","csv-finance","Content Partner CSV / Finance","CSV","Finance","Publisher data",46311,47944,316,360,0.0077,0.006,1,0.0029,91,0.0341,8,1,1,33,"Low","Baseline variation","Edge case or shared ownership","within control band","Healthy"
"2026-05-09","api-marketplace","Product API / Marketplace","API","Marketplace","Catalog integrations",116097,118017,25,30,0.0091,0.01,0,0.0032,304,0.0163,28,0,2,26,"Low","Baseline variation","Edge case or shared ownership","within control band","Healthy"
"2026-05-09","server-fashion","Server Postback / Fashion","Server","Fashion","Tracking",149037,143833,9,20,0.0134,0.013,2,0.0044,-998,0,31,2,3,35,"Low","Baseline variation","Edge case or shared ownership","within control band","Healthy"
"2026-05-09","webhook-food","Referral Webhook / Food","Webhook","Food","Referral integrations",68202,67306,7,10,0.0102,0.007,1,0.0047,-12,0,16,2,2,32,"Low","Baseline variation","Edge case or shared ownership","within control band","Healthy"
"2026-05-09","ftp-home","FTP Batch / Home Goods","FTP","Home Goods","Affiliate integrations",100463,102343,174,300,0.0168,0.014,1,0.0025,21,0.0184,22,1,3,32,"Low","Baseline variation","Edge case or shared ownership","within control band","Healthy"
"2026-05-09","api-mobile","Mobile API / Apps","API","Mobile Apps","Mobile integrations",78116,81137,16,20,0.0085,0.009,1,0.0027,494,0.0372,18,0,2,32,"Low","Baseline variation","Edge case or shared ownership","within control band","Healthy"
"2026-05-10","api-beauty","Creator API / Beauty","API","Beauty","Creator integrations",170674,172491,17,20,0.0125,0.012,1,0.0023,-2000,0.0105,27,1,2,31,"Low","Baseline variation","Edge case or shared ownership","within control band","Healthy"
"2026-05-10","csv-retail","Affiliate CSV / Retail","CSV","Retail","Affiliate integrations",232508,226864,254,240,0.02,0.018,0,0.0034,1321,0,38,1,0,29,"Low","Baseline variation","Edge case or shared ownership","within control band","Healthy"
"2026-05-10","pixel-travel","Publisher Pixel / Travel","Pixel","Travel","Tracking",89351,90933,13,15,0.0115,0.011,2,0.0017,-307,0.0174,17,3,1,34,"Low","Baseline variation","Edge case or shared ownership","within control band","Healthy"
"2026-05-10","webhook-saas","Referral Webhook / SaaS","Webhook","SaaS","Referral integrations",57480,60934,9,10,0.0103,0.008,4,0.0048,876,0.0567,15,3,1,51,"Low","Baseline variation","Edge case or shared ownership","within control band","Healthy"
"2026-05-10","csv-finance","Content Partner CSV / Finance","CSV","Finance","Publisher data",49197,48748,257,360,0.0084,0.006,3,0.0018,-1392,0,11,2,3,40,"Low","Baseline variation","Edge case or shared ownership","within control band","Healthy"
"2026-05-10","api-marketplace","Product API / Marketplace","API","Marketplace","Catalog integrations",121663,119994,27,30,0.0089,0.01,1,0.0024,1583,0,34,0,1,29,"Low","Baseline variation","Edge case or shared ownership","within control band","Healthy"
"2026-05-10","server-fashion","Server Postback / Fashion","Server","Fashion","Tracking",142665,146243,18,20,0.0123,0.013,0,0.0038,-321,0.0245,31,1,3,27,"Low","Baseline variation","Edge case or shared ownership","within control band","Healthy"
"2026-05-10","webhook-food","Referral Webhook / Food","Webhook","Food","Referral integrations",69196,68434,5,10,0.0058,0.007,0,0.0013,-746,0,11,2,3,23,"Low","Baseline variation","Edge case or shared ownership","within control band","Healthy"
"2026-05-10","ftp-home","FTP Batch / Home Goods","FTP","Home Goods","Affiliate integrations",106084,104057,266,300,0.0125,0.014,0,0.0012,-120,0,19,2,1,23,"Low","Baseline variation","Edge case or shared ownership","within control band","Healthy"
"2026-05-10","api-mobile","Mobile API / Apps","API","Mobile Apps","Mobile integrations",79803,82496,19,20,0.0114,0.009,1,0.0009,-722,0.0326,18,3,1,33,"Low","Baseline variation","Edge case or shared ownership","within control band","Healthy"
"2026-05-11","api-beauty","Creator API / Beauty","API","Beauty","Creator integrations",185141,184000,18,20,0.012,0.012,1,0.0043,272,0,27,2,2,29,"Low","Baseline variation","Edge case or shared ownership","within control band","Healthy"
"2026-05-11","csv-retail","Affiliate CSV / Retail","CSV","Retail","Affiliate integrations",245352,242000,223,240,0.017,0.018,0,0.0014,1419,0,37,2,2,24,"Low","Baseline variation","Edge case or shared ownership","within control band","Healthy"
"2026-05-11","pixel-travel","Publisher Pixel / Travel","Pixel","Travel","Tracking",94360,97000,12,15,0.0087,0.011,0,0.019,19300,0.0272,27,1,7,54,"Low","Payout reconciliation gap","Integration logic","payout variance","Healthy"
"2026-05-11","webhook-saas","Referral Webhook / SaaS","Webhook","SaaS","Referral integrations",63818,65000,5,10,0.0045,0.008,1,0.0022,-2185,0.0182,10,2,3,32,"Low","Baseline variation","Edge case or shared ownership","within control band","Healthy"
"2026-05-11","csv-finance","Content Partner CSV / Finance","CSV","Finance","Publisher data",52703,52000,222,360,0.0083,0.006,1,0.0031,114,0,8,0,2,30,"Low","Baseline variation","Edge case or shared ownership","within control band","Healthy"
"2026-05-11","api-marketplace","Product API / Marketplace","API","Marketplace","Catalog integrations",131420,128000,19,30,0.0079,0.01,0,0.0044,643,0,30,1,3,25,"Low","Baseline variation","Edge case or shared ownership","within control band","Healthy"
"2026-05-11","server-fashion","Server Postback / Fashion","Server","Fashion","Tracking",150833,156000,17,20,0.0124,0.013,0,0.0024,831,0.0331,32,3,3,27,"Low","Baseline variation","Edge case or shared ownership","within control band","Healthy"
"2026-05-11","webhook-food","Referral Webhook / Food","Webhook","Food","Referral integrations",71577,73000,6,10,0.0087,0.007,3,0.0024,1055,0.0195,17,2,2,41,"Low","Baseline variation","Edge case or shared ownership","within control band","Healthy"
"2026-05-11","ftp-home","FTP Batch / Home Goods","FTP","Home Goods","Affiliate integrations",116339,111000,273,300,0.0143,0.014,1,0.0015,986,0,18,3,2,29,"Low","Baseline variation","Edge case or shared ownership","within control band","Healthy"
"2026-05-11","api-mobile","Mobile API / Apps","API","Mobile Apps","Mobile integrations",85619,88000,16,20,0.0099,0.009,1,0.0012,-1968,0.0271,15,3,3,33,"Low","Baseline variation","Edge case or shared ownership","within control band","Healthy"
"2026-05-12","api-beauty","Creator API / Beauty","API","Beauty","Creator integrations",195978,195509,17,20,0.012,0.012,1,0.0015,774,0,26,2,0,28,"Low","Baseline variation","Edge case or shared ownership","within control band","Healthy"
"2026-05-12","csv-retail","Affiliate CSV / Retail","CSV","Retail","Affiliate integrations",255549,257136,241,240,0.019,0.018,0,0.0018,-1495,0.0062,42,1,1,26,"Low","Baseline variation","Edge case or shared ownership","within control band","Healthy"
"2026-05-12","pixel-travel","Publisher Pixel / Travel","Pixel","Travel","Tracking",102258,103067,15,15,0.0108,0.011,1,0.0025,1440,0.0078,18,3,2,30,"Low","Baseline variation","Edge case or shared ownership","within control band","Healthy"
"2026-05-12","webhook-saas","Referral Webhook / SaaS","Webhook","SaaS","Referral integrations",51109,69066,64,10,0.0068,0.008,3,0.0055,-882,0.26,23,8,2,93,"High","Freshness or missing data","Source data","late beyond SLA, event-count gap","Open"
"2026-05-12","csv-finance","Content Partner CSV / Finance","CSV","Finance","Publisher data",55899,55252,347,360,0.0078,0.006,1,0.0016,-76,0,8,2,1,29,"Low","Baseline variation","Edge case or shared ownership","within control band","Healthy"
"2026-05-12","api-marketplace","Product API / Marketplace","API","Marketplace","Catalog integrations",134257,136006,22,30,0.013,0.01,0,0.0063,270,0.0129,30,0,0,30,"Low","Baseline variation","Edge case or shared ownership","within control band","Healthy"
"2026-05-12","server-fashion","Server Postback / Fashion","Server","Fashion","Tracking",166567,165757,11,20,0.0135,0.013,3,0.0001,-2214,0,31,2,2,38,"Low","Baseline variation","Edge case or shared ownership","within control band","Healthy"
"2026-05-12","webhook-food","Referral Webhook / Food","Webhook","Food","Referral integrations",78258,77566,5,10,0.0084,0.007,1,0.0044,415,0,11,3,3,31,"Low","Baseline variation","Edge case or shared ownership","within control band","Healthy"
"2026-05-12","ftp-home","FTP Batch / Home Goods","FTP","Home Goods","Affiliate integrations",115228,117943,269,300,0.0163,0.014,1,0.0032,1172,0.023,25,3,2,34,"Low","Baseline variation","Edge case or shared ownership","within control band","Healthy"
"2026-05-12","api-mobile","Mobile API / Apps","API","Mobile Apps","Mobile integrations",94150,93504,17,20,0.0085,0.009,3,0.0037,-249,0,19,3,1,38,"Low","Baseline variation","Edge case or shared ownership","within control band","Healthy"
"2026-05-13","api-beauty","Creator API / Beauty","API","Beauty","Creator integrations",199395,198351,16,20,0.011,0.012,14,0.037,849,0,45,2,8,69,"Medium","Schema or payload drift","Integration logic","schema drift, malformed payloads","Watch"
"2026-05-13","csv-retail","Affiliate CSV / Retail","CSV","Retail","Affiliate integrations",258866,260875,133,240,0.0186,0.018,0,0.0028,335,0.0077,46,1,3,25,"Low","Baseline variation","Edge case or shared ownership","within control band","Healthy"
"2026-05-13","pixel-travel","Publisher Pixel / Travel","Pixel","Travel","Tracking",103823,104565,10,15,0.0097,0.011,3,0.0022,130,0.0071,21,1,2,37,"Low","Baseline variation","Edge case or shared ownership","within control band","Healthy"
"2026-05-13","webhook-saas","Referral Webhook / SaaS","Webhook","SaaS","Referral integrations",70326,70070,9,10,0.0115,0.008,0,0.0034,-158,0,11,1,2,27,"Low","Baseline variation","Edge case or shared ownership","within control band","Healthy"
"2026-05-13","csv-finance","Content Partner CSV / Finance","CSV","Finance","Publisher data",55556,56056,275,360,0.0026,0.006,0,0.006,-399,0.0089,7,2,2,26,"Low","Baseline variation","Edge case or shared ownership","within control band","Healthy"
"2026-05-13","api-marketplace","Product API / Marketplace","API","Marketplace","Catalog integrations",135496,137983,17,30,0.0141,0.01,1,0.0039,1953,0.018,35,1,2,36,"Low","Baseline variation","Edge case or shared ownership","within control band","Healthy"
"2026-05-13","server-fashion","Server Postback / Fashion","Server","Fashion","Tracking",171043,168167,19,20,0.039,0.013,1,0.0028,13200,0,44,2,8,66,"Medium","Duplicate conversion replay","Integration logic","duplicate lift, payout variance","Watch"
"2026-05-13","webhook-food","Referral Webhook / Food","Webhook","Food","Referral integrations",80898,78694,10,10,0.0074,0.007,1,0.003,1778,0,12,2,2,30,"Low","Baseline variation","Edge case or shared ownership","within control band","Healthy"
"2026-05-13","ftp-home","FTP Batch / Home Goods","FTP","Home Goods","Affiliate integrations",117430,119657,148,300,0.0125,0.014,0,0.0024,-1908,0.0186,22,1,0,27,"Low","Baseline variation","Edge case or shared ownership","within control band","Healthy"
"2026-05-13","api-mobile","Mobile API / Apps","API","Mobile Apps","Mobile integrations",94630,94863,26,20,0.0117,0.009,1,0.0068,909,0.0025,17,2,2,42,"Low","Baseline variation","Edge case or shared ownership","within control band","Healthy"
"2026-05-14","api-beauty","Creator API / Beauty","API","Beauty","Creator integrations",188220,190387,14,20,0.0127,0.012,1,0.0032,490,0.0114,25,2,3,30,"Low","Baseline variation","Edge case or shared ownership","within control band","Healthy"
"2026-05-14","csv-retail","Affiliate CSV / Retail","CSV","Retail","Affiliate integrations",246213,250400,195,240,0.046,0.018,0,0.0013,27800,0.0167,85,1,9,74,"Medium","Duplicate conversion replay","Integration logic","duplicate lift, payout variance","Watch"
"2026-05-14","pixel-travel","Publisher Pixel / Travel","Pixel","Travel","Tracking",100991,100367,16,15,0.013,0.011,0,0.0055,321,0,18,1,2,29,"Low","Baseline variation","Edge case or shared ownership","within control band","Healthy"
"2026-05-14","webhook-saas","Referral Webhook / SaaS","Webhook","SaaS","Referral integrations",66066,67256,8,10,0.0107,0.008,0,0.005,-1488,0.0177,11,2,2,30,"Low","Baseline variation","Edge case or shared ownership","within control band","Healthy"
"2026-05-14","csv-finance","Content Partner CSV / Finance","CSV","Finance","Publisher data",55555,53805,196,360,0.0066,0.006,0,0.0035,-965,0,7,2,3,25,"Low","Baseline variation","Edge case or shared ownership","within control band","Healthy"
"2026-05-14","api-marketplace","Product API / Marketplace","API","Marketplace","Catalog integrations",133207,132443,26,30,0.0098,0.01,1,0.0025,1773,0,32,1,0,30,"Low","Baseline variation","Edge case or shared ownership","within control band","Healthy"
"2026-05-14","server-fashion","Server Postback / Fashion","Server","Fashion","Tracking",162303,161415,13,20,0.0113,0.013,4,0.0015,385,0,32,3,3,41,"Low","Baseline variation","Edge case or shared ownership","within control band","Healthy"
"2026-05-14","webhook-food","Referral Webhook / Food","Webhook","Food","Referral integrations",77172,75534,5,10,0.0094,0.007,0,0.0026,200,0,12,1,2,26,"Low","Baseline variation","Edge case or shared ownership","within control band","Healthy"
"2026-05-14","ftp-home","FTP Batch / Home Goods","FTP","Home Goods","Affiliate integrations",115544,114853,294,300,0.0135,0.014,1,0.0054,249,0,21,2,1,30,"Low","Baseline variation","Edge case or shared ownership","within control band","Healthy"
"2026-05-14","api-mobile","Mobile API / Apps","API","Mobile Apps","Mobile integrations",93904,91055,12,20,0.0102,0.009,0,0.0027,-985,0,15,2,1,26,"Low","Baseline variation","Edge case or shared ownership","within control band","Healthy"
"2026-05-15","api-beauty","Creator API / Beauty","API","Beauty","Creator integrations",175181,177613,18,20,0.0126,0.012,1,0.0015,-1067,0.0137,25,1,2,30,"Low","Baseline variation","Edge case or shared ownership","within control band","Healthy"
"2026-05-15","csv-retail","Affiliate CSV / Retail","CSV","Retail","Affiliate integrations",230118,233600,201,240,0.0168,0.018,0,0.0006,115,0.0149,47,1,0,24,"Low","Baseline variation","Edge case or shared ownership","within control band","Healthy"
"2026-05-15","pixel-travel","Publisher Pixel / Travel","Pixel","Travel","Tracking",96361,93633,9,15,0.0091,0.011,0,0.0046,1916,0,16,3,1,26,"Low","Baseline variation","Edge case or shared ownership","within control band","Healthy"
"2026-05-15","webhook-saas","Referral Webhook / SaaS","Webhook","SaaS","Referral integrations",62376,62744,8,10,0.0095,0.008,3,0.0058,-774,0.0059,12,2,2,41,"Low","Baseline variation","Edge case or shared ownership","within control band","Healthy"
"2026-05-15","csv-finance","Content Partner CSV / Finance","CSV","Finance","Publisher data",48949,50195,316,360,0.0093,0.006,0,0.003,825,0.0248,9,1,2,30,"Low","Baseline variation","Edge case or shared ownership","within control band","Healthy"
"2026-05-15","api-marketplace","Product API / Marketplace","API","Marketplace","Catalog integrations",124293,123557,26,30,0.01,0.01,0,0.0045,953,0,32,0,3,25,"Low","Baseline variation","Integration logic","within control band","Healthy"
"2026-05-15","server-fashion","Server Postback / Fashion","Server","Fashion","Tracking",147627,150585,12,20,0.0115,0.013,1,0.0019,-23,0.0196,28,1,3,29,"Low","Baseline variation","Edge case or shared ownership","within control band","Healthy"
"2026-05-15","webhook-food","Referral Webhook / Food","Webhook","Food","Referral integrations",69898,70466,6,10,0.0068,0.007,1,0.0038,-624,0.0081,12,2,2,30,"Low","Baseline variation","Edge case or shared ownership","within control band","Healthy"
"2026-05-15","ftp-home","FTP Batch / Home Goods","FTP","Home Goods","Affiliate integrations",87861,107147,690,300,0.0094,0.014,2,0.0031,674,0.18,39,7,1,81,"High","Freshness or missing data","Source data","late beyond SLA, event-count gap","Open"
"2026-05-15","api-mobile","Mobile API / Apps","API","Mobile Apps","Mobile integrations",85147,84945,10,20,0.0082,0.009,1,0.0044,-961,0,18,0,1,30,"Low","Baseline variation","Edge case or shared ownership","within control band","Healthy"
"2026-05-16","api-beauty","Creator API / Beauty","API","Beauty","Creator integrations",173934,169649,13,20,0.0106,0.012,1,0.0009,1149,0,28,3,1,28,"Low","Baseline variation","Edge case or shared ownership","within control band","Healthy"
"2026-05-16","csv-retail","Affiliate CSV / Retail","CSV","Retail","Affiliate integrations",220385,223125,128,240,0.0189,0.018,0,0.0027,-102,0.0123,47,1,1,26,"Low","Baseline variation","Edge case or shared ownership","within control band","Healthy"
"2026-05-16","pixel-travel","Publisher Pixel / Travel","Pixel","Travel","Tracking",88642,89435,10,15,0.012,0.011,1,0.0014,-1303,0.0089,21,2,3,30,"Low","Baseline variation","Edge case or shared ownership","within control band","Healthy"
"2026-05-16","webhook-saas","Referral Webhook / SaaS","Webhook","SaaS","Referral integrations",58622,59930,7,10,0.0059,0.008,1,0.0041,1447,0.0218,10,2,1,32,"Low","Baseline variation","Edge case or shared ownership","within control band","Healthy"
"2026-05-16","csv-finance","Content Partner CSV / Finance","CSV","Finance","Publisher data",47153,47944,304,360,0.002,0.006,1,0.0018,156,0.0165,8,1,1,29,"Low","Baseline variation","Edge case or shared ownership","within control band","Healthy"
"2026-05-16","api-marketplace","Product API / Marketplace","API","Marketplace","Catalog integrations",118890,118017,27,30,0.0098,0.01,0,0.0034,977,0,34,3,3,25,"Low","Baseline variation","Edge case or shared ownership","within control band","Healthy"
"2026-05-16","server-fashion","Server Postback / Fashion","Server","Fashion","Tracking",146316,143833,18,20,0.014,0.013,1,0.0021,-554,0,29,2,1,29,"Low","Baseline variation","Edge case or shared ownership","within control band","Healthy"
"2026-05-16","webhook-food","Referral Webhook / Food","Webhook","Food","Referral integrations",69441,67306,8,10,0.0104,0.007,4,0.0028,588,0,18,1,1,45,"Low","Baseline variation","Edge case or shared ownership","within control band","Healthy"
"2026-05-16","ftp-home","FTP Batch / Home Goods","FTP","Home Goods","Affiliate integrations",105141,102343,176,300,0.016,0.014,3,0.002,-51,0,26,3,3,39,"Low","Baseline variation","Edge case or shared ownership","within control band","Healthy"
"2026-05-16","api-mobile","Mobile API / Apps","API","Mobile Apps","Mobile integrations",79452,81137,13,20,0.008,0.009,0,0.0025,865,0.0208,17,2,2,26,"Low","Baseline variation","Edge case or shared ownership","within control band","Healthy"
"2026-05-17","api-beauty","Creator API / Beauty","API","Beauty","Creator integrations",178033,172491,21,20,0.0086,0.012,0,0.0009,-1743,0,25,2,1,26,"Low","Baseline variation","Edge case or shared ownership","within control band","Healthy"
"2026-05-17","csv-retail","Affiliate CSV / Retail","CSV","Retail","Affiliate integrations",224005,226864,210,240,0.0167,0.018,1,0.0045,-64,0.0126,52,1,2,30,"Low","Baseline variation","Edge case or shared ownership","within control band","Healthy"
"2026-05-17","pixel-travel","Publisher Pixel / Travel","Pixel","Travel","Tracking",90190,90933,9,15,0.0125,0.011,1,0.0056,-328,0.0082,20,1,1,32,"Low","Baseline variation","Edge case or shared ownership","within control band","Healthy"
"2026-05-17","webhook-saas","Referral Webhook / SaaS","Webhook","SaaS","Referral integrations",60842,60934,7,10,0.0058,0.008,4,0.0029,419,0.0015,14,1,0,42,"Low","Baseline variation","Edge case or shared ownership","within control band","Healthy"
"2026-05-17","csv-finance","Content Partner CSV / Finance","CSV","Finance","Publisher data",49577,48748,282,360,0.005,0.006,0,0.0013,1701,0,8,0,2,24,"Low","Baseline variation","Edge case or shared ownership","within control band","Healthy"
"2026-05-17","api-marketplace","Product API / Marketplace","API","Marketplace","Catalog integrations",114224,119994,19,30,0.0123,0.01,0,0.0042,-310,0.0481,33,2,2,32,"Low","Baseline variation","Edge case or shared ownership","within control band","Healthy"
"2026-05-17","server-fashion","Server Postback / Fashion","Server","Fashion","Tracking",148439,146243,18,20,0.0122,0.013,3,0.0038,-378,0,34,2,0,38,"Low","Baseline variation","Edge case or shared ownership","within control band","Healthy"
"2026-05-17","webhook-food","Referral Webhook / Food","Webhook","Food","Referral integrations",67653,68434,9,10,0.0064,0.007,1,0.003,1386,0.0114,12,1,2,31,"Low","Baseline variation","Edge case or shared ownership","within control band","Healthy"
"2026-05-17","ftp-home","FTP Batch / Home Goods","FTP","Home Goods","Affiliate integrations",105537,104057,277,300,0.016,0.014,0,0.006,744,0,22,2,1,28,"Low","Baseline variation","Edge case or shared ownership","within control band","Healthy"
"2026-05-17","api-mobile","Mobile API / Apps","API","Mobile Apps","Mobile integrations",85427,82496,14,20,0.0069,0.009,1,0.0032,833,0,17,2,3,29,"Low","Baseline variation","Edge case or shared ownership","within control band","Healthy"